month,partner,channel,premium_target_idr,premium_actual_idr,leads,policies_issued,persistency_rate
2025-01-01,Nusantara Bank,Bancassurance,470000000,483000000,634,129,0.8343
2025-01-01,Meridian Bank,Bancassurance,441000000,364000000,461,50,0.837
2025-01-01,Cakrawala Finance,Financing Partner,406000000,436000000,476,59,0.8797
2025-01-01,Sentra Digital,Digital Partnership,566000000,607000000,670,117,0.9646
2025-01-01,Arunika Bank,Bancassurance,422000000,416000000,481,115,0.761
2025-01-01,Prima Cooperative,Affinity,396000000,320000000,388,58,0.7941
2025-01-01,Kencana Finance,Financing Partner,535000000,461000000,558,101,0.9395
2025-01-01,Lintas E-Commerce,Digital Partnership,744000000,681000000,833,176,0.8873
2025-01-01,Sahabat Bank,Bancassurance,544000000,512000000,531,107,0.9211
2025-01-01,Mandiri Network,Agency Partnership,500000000,500000000,571,134,0.8509
2025-01-01,Bintang Retail,Affinity,450000000,373000000,494,110,0.7991
2025-01-01,Garuda Finance,Financing Partner,575000000,461000000,540,81,0.7641
2025-02-01,Nusantara Bank,Bancassurance,485000000,528000000,534,79,0.8551
2025-02-01,Meridian Bank,Bancassurance,455000000,449000000,515,91,0.9416
2025-02-01,Cakrawala Finance,Financing Partner,420000000,360000000,438,102,0.8661
2025-02-01,Sentra Digital,Digital Partnership,584000000,536000000,681,164,0.9039
2025-02-01,Arunika Bank,Bancassurance,436000000,498000000,622,132,0.8577
2025-02-01,Prima Cooperative,Affinity,409000000,344000000,423,82,0.8128
2025-02-01,Kencana Finance,Financing Partner,552000000,454000000,523,119,0.8507
2025-02-01,Lintas E-Commerce,Digital Partnership,768000000,678000000,915,220,0.9062
2025-02-01,Sahabat Bank,Bancassurance,562000000,580000000,709,85,0.8669
2025-02-01,Mandiri Network,Agency Partnership,516000000,436000000,564,93,0.8446
2025-02-01,Bintang Retail,Affinity,465000000,508000000,574,38,0.7523
2025-02-01,Garuda Finance,Financing Partner,594000000,505000000,697,162,0.8095
2025-03-01,Nusantara Bank,Bancassurance,510000000,439000000,546,56,0.8027
2025-03-01,Meridian Bank,Bancassurance,479000000,414000000,515,96,0.9268
2025-03-01,Cakrawala Finance,Financing Partner,442000000,353000000,425,93,0.8898
2025-03-01,Sentra Digital,Digital Partnership,615000000,523000000,573,111,0.9004
2025-03-01,Arunika Bank,Bancassurance,459000000,445000000,516,126,0.8059
2025-03-01,Prima Cooperative,Affinity,430000000,407000000,495,120,0.8098
2025-03-01,Kencana Finance,Financing Partner,581000000,664000000,922,225,0.8226
2025-03-01,Lintas E-Commerce,Digital Partnership,809000000,812000000,954,202,0.8316
2025-03-01,Sahabat Bank,Bancassurance,592000000,579000000,717,129,0.8223
2025-03-01,Mandiri Network,Agency Partnership,543000000,540000000,652,117,0.9751
2025-03-01,Bintang Retail,Affinity,489000000,501000000,536,113,0.7752
2025-03-01,Garuda Finance,Financing Partner,625000000,580000000,720,105,0.8043
2025-04-01,Nusantara Bank,Bancassurance,500000000,466000000,640,174,0.8812
2025-04-01,Meridian Bank,Bancassurance,470000000,399000000,516,74,0.856
2025-04-01,Cakrawala Finance,Financing Partner,433000000,406000000,448,136,0.8838
2025-04-01,Sentra Digital,Digital Partnership,603000000,537000000,716,126,0.8819
2025-04-01,Arunika Bank,Bancassurance,450000000,494000000,657,125,0.98
2025-04-01,Prima Cooperative,Affinity,422000000,442000000,463,101,0.8104
2025-04-01,Kencana Finance,Financing Partner,569000000,617000000,713,116,0.9156
2025-04-01,Lintas E-Commerce,Digital Partnership,793000000,696000000,846,207,0.929
2025-04-01,Sahabat Bank,Bancassurance,580000000,513000000,691,89,0.876
2025-04-01,Mandiri Network,Agency Partnership,532000000,468000000,654,127,0.7944
2025-04-01,Bintang Retail,Affinity,480000000,399000000,508,90,0.8281
2025-04-01,Garuda Finance,Financing Partner,612000000,588000000,612,116,0.804
2025-05-01,Nusantara Bank,Bancassurance,526000000,494000000,679,133,0.825
2025-05-01,Meridian Bank,Bancassurance,494000000,534000000,561,107,0.8746
2025-05-01,Cakrawala Finance,Financing Partner,455000000,523000000,712,92,0.8668
2025-05-01,Sentra Digital,Digital Partnership,633000000,565000000,775,226,0.8648
2025-05-01,Arunika Bank,Bancassurance,473000000,542000000,610,55,0.8366
2025-05-01,Prima Cooperative,Affinity,443000000,366000000,475,93,0.7161
2025-05-01,Kencana Finance,Financing Partner,599000000,671000000,736,164,0.8075
2025-05-01,Lintas E-Commerce,Digital Partnership,833000000,713000000,936,221,0.98
2025-05-01,Sahabat Bank,Bancassurance,610000000,619000000,837,125,0.806
2025-05-01,Mandiri Network,Agency Partnership,560000000,540000000,716,137,0.7571
2025-05-01,Bintang Retail,Affinity,504000000,504000000,671,151,0.794
2025-05-01,Garuda Finance,Financing Partner,644000000,740000000,962,85,0.8875
2025-06-01,Nusantara Bank,Bancassurance,510000000,527000000,573,105,0.9202
2025-06-01,Meridian Bank,Bancassurance,479000000,391000000,452,68,0.8299
2025-06-01,Cakrawala Finance,Financing Partner,442000000,504000000,573,81,0.8583
2025-06-01,Sentra Digital,Digital Partnership,615000000,661000000,868,236,0.8139
2025-06-01,Arunika Bank,Bancassurance,459000000,421000000,477,93,0.8603
2025-06-01,Prima Cooperative,Affinity,430000000,343000000,415,74,0.7476
2025-06-01,Kencana Finance,Financing Partner,581000000,541000000,744,138,0.9479
2025-06-01,Lintas E-Commerce,Digital Partnership,809000000,882000000,902,172,0.9379
2025-06-01,Sahabat Bank,Bancassurance,592000000,561000000,585,59,0.865
2025-06-01,Mandiri Network,Agency Partnership,543000000,601000000,703,137,0.898
2025-06-01,Bintang Retail,Affinity,489000000,439000000,477,97,0.7617
2025-06-01,Garuda Finance,Financing Partner,625000000,555000000,698,117,0.8885
2025-07-01,Nusantara Bank,Bancassurance,521000000,539000000,577,84,0.8865
2025-07-01,Meridian Bank,Bancassurance,489000000,447000000,510,104,0.9623
2025-07-01,Cakrawala Finance,Financing Partner,451000000,472000000,538,108,0.8378
2025-07-01,Sentra Digital,Digital Partnership,627000000,660000000,685,157,0.8052
2025-07-01,Arunika Bank,Bancassurance,468000000,410000000,451,86,0.8313
2025-07-01,Prima Cooperative,Affinity,439000000,484000000,593,132,0.6401
2025-07-01,Kencana Finance,Financing Partner,593000000,488000000,681,104,0.8106
2025-07-01,Lintas E-Commerce,Digital Partnership,825000000,718000000,835,215,0.9037
2025-07-01,Sahabat Bank,Bancassurance,604000000,521000000,536,106,0.7874
2025-07-01,Mandiri Network,Agency Partnership,554000000,453000000,584,77,0.8125
2025-07-01,Bintang Retail,Affinity,499000000,538000000,564,94,0.6976
2025-07-01,Garuda Finance,Financing Partner,637000000,592000000,695,74,0.8827
2025-08-01,Nusantara Bank,Bancassurance,531000000,558000000,727,153,0.8564
2025-08-01,Meridian Bank,Bancassurance,498000000,434000000,515,109,0.8997
2025-08-01,Cakrawala Finance,Financing Partner,459000000,482000000,557,70,0.7991
2025-08-01,Sentra Digital,Digital Partnership,639000000,589000000,816,208,0.8231
2025-08-01,Arunika Bank,Bancassurance,478000000,390000000,543,109,0.8039
2025-08-01,Prima Cooperative,Affinity,447000000,402000000,499,75,0.6702
2025-08-01,Kencana Finance,Financing Partner,604000000,553000000,620,116,0.792
2025-08-01,Lintas E-Commerce,Digital Partnership,841000000,960000000,1063,291,0.9156
2025-08-01,Sahabat Bank,Bancassurance,615000000,640000000,829,129,0.8577
2025-08-01,Mandiri Network,Agency Partnership,565000000,529000000,600,105,0.8087
2025-08-01,Bintang Retail,Affinity,509000000,476000000,511,91,0.689
2025-08-01,Garuda Finance,Financing Partner,650000000,536000000,727,177,0.7953
2025-09-01,Nusantara Bank,Bancassurance,516000000,586000000,635,97,0.9217
2025-09-01,Meridian Bank,Bancassurance,484000000,477000000,650,94,0.8753
2025-09-01,Cakrawala Finance,Financing Partner,446000000,470000000,474,92,0.914
2025-09-01,Sentra Digital,Digital Partnership,621000000,653000000,788,195,0.8345
2025-09-01,Arunika Bank,Bancassurance,464000000,521000000,711,141,0.873
2025-09-01,Prima Cooperative,Affinity,435000000,384000000,400,64,0.7162
2025-09-01,Kencana Finance,Financing Partner,587000000,519000000,653,137,0.8207
2025-09-01,Lintas E-Commerce,Digital Partnership,817000000,703000000,857,216,0.762
2025-09-01,Sahabat Bank,Bancassurance,598000000,637000000,876,134,0.8559
2025-09-01,Mandiri Network,Agency Partnership,549000000,583000000,791,78,0.8674
2025-09-01,Bintang Retail,Affinity,494000000,542000000,681,95,0.7174
2025-09-01,Garuda Finance,Financing Partner,631000000,695000000,747,75,0.8429
2025-10-01,Nusantara Bank,Bancassurance,541000000,608000000,622,124,0.8433
2025-10-01,Meridian Bank,Bancassurance,508000000,448000000,484,120,0.7429
2025-10-01,Cakrawala Finance,Financing Partner,468000000,448000000,466,60,0.8444
2025-10-01,Sentra Digital,Digital Partnership,652000000,723000000,816,185,0.8889
2025-10-01,Arunika Bank,Bancassurance,487000000,546000000,558,135,0.8013
2025-10-01,Prima Cooperative,Affinity,456000000,372000000,413,69,0.8231
2025-10-01,Kencana Finance,Financing Partner,616000000,559000000,637,164,0.8766
2025-10-01,Lintas E-Commerce,Digital Partnership,857000000,754000000,758,191,0.8745
2025-10-01,Sahabat Bank,Bancassurance,627000000,549000000,555,118,0.9084
2025-10-01,Mandiri Network,Agency Partnership,576000000,485000000,640,133,0.7964
2025-10-01,Bintang Retail,Affinity,519000000,467000000,600,103,0.906
2025-10-01,Garuda Finance,Financing Partner,662000000,636000000,770,117,0.8505
2025-11-01,Nusantara Bank,Bancassurance,562000000,618000000,644,116,0.8578
2025-11-01,Meridian Bank,Bancassurance,527000000,520000000,564,105,0.8336
2025-11-01,Cakrawala Finance,Financing Partner,486000000,505000000,614,152,0.9244
2025-11-01,Sentra Digital,Digital Partnership,676000000,698000000,726,151,0.81
2025-11-01,Arunika Bank,Bancassurance,505000000,577000000,694,155,0.8176
2025-11-01,Prima Cooperative,Affinity,473000000,367000000,379,78,0.7269
2025-11-01,Kencana Finance,Financing Partner,639000000,677000000,720,155,0.8522
2025-11-01,Lintas E-Commerce,Digital Partnership,890000000,937000000,976,275,0.9239
2025-11-01,Sahabat Bank,Bancassurance,651000000,711000000,863,83,0.8738
2025-11-01,Mandiri Network,Agency Partnership,598000000,663000000,811,127,0.924
2025-11-01,Bintang Retail,Affinity,538000000,468000000,529,108,0.7195
2025-11-01,Garuda Finance,Financing Partner,687000000,575000000,662,118,0.8209
2025-12-01,Nusantara Bank,Bancassurance,623000000,666000000,786,160,0.7519
2025-12-01,Meridian Bank,Bancassurance,585000000,628000000,792,134,0.8393
2025-12-01,Cakrawala Finance,Financing Partner,539000000,454000000,583,146,0.8357
2025-12-01,Sentra Digital,Digital Partnership,750000000,902000000,981,260,0.8687
2025-12-01,Arunika Bank,Bancassurance,560000000,506000000,548,114,0.7813
2025-12-01,Prima Cooperative,Affinity,525000000,501000000,648,158,0.877
2025-12-01,Kencana Finance,Financing Partner,709000000,756000000,899,126,0.8876
2025-12-01,Lintas E-Commerce,Digital Partnership,987000000,1185000000,1418,328,0.8842
2025-12-01,Sahabat Bank,Bancassurance,722000000,745000000,920,212,0.9596
2025-12-01,Mandiri Network,Agency Partnership,663000000,759000000,977,185,0.9155
2025-12-01,Bintang Retail,Affinity,597000000,654000000,808,177,0.7705
2025-12-01,Garuda Finance,Financing Partner,762000000,837000000,1063,304,0.8749
2026-01-01,Nusantara Bank,Bancassurance,470000000,451000000,564,96,0.7992
2026-01-01,Meridian Bank,Bancassurance,441000000,365000000,508,115,0.8466
2026-01-01,Cakrawala Finance,Financing Partner,406000000,411000000,458,92,0.8657
2026-01-01,Sentra Digital,Digital Partnership,566000000,576000000,595,109,0.825
2026-01-01,Arunika Bank,Bancassurance,422000000,444000000,529,118,0.8919
2026-01-01,Prima Cooperative,Affinity,396000000,366000000,421,87,0.7535
2026-01-01,Kencana Finance,Financing Partner,535000000,536000000,639,128,0.8857
2026-01-01,Lintas E-Commerce,Digital Partnership,744000000,709000000,724,187,0.7776
2026-01-01,Sahabat Bank,Bancassurance,544000000,484000000,632,140,0.9009
2026-01-01,Mandiri Network,Agency Partnership,500000000,417000000,423,99,0.863
2026-01-01,Bintang Retail,Affinity,450000000,490000000,544,102,0.8052
2026-01-01,Garuda Finance,Financing Partner,575000000,530000000,659,128,0.9233
2026-02-01,Nusantara Bank,Bancassurance,485000000,588000000,768,106,0.7859
2026-02-01,Meridian Bank,Bancassurance,455000000,455000000,515,64,0.8709
2026-02-01,Cakrawala Finance,Financing Partner,420000000,427000000,533,77,0.795
2026-02-01,Sentra Digital,Digital Partnership,584000000,713000000,862,273,0.9202
2026-02-01,Arunika Bank,Bancassurance,436000000,484000000,577,144,0.8605
2026-02-01,Prima Cooperative,Affinity,409000000,372000000,395,67,0.7522
2026-02-01,Kencana Finance,Financing Partner,552000000,567000000,730,146,0.8744
2026-02-01,Lintas E-Commerce,Digital Partnership,768000000,678000000,843,196,0.9014
2026-02-01,Sahabat Bank,Bancassurance,562000000,533000000,658,133,0.9228
2026-02-01,Mandiri Network,Agency Partnership,516000000,453000000,611,151,0.8531
2026-02-01,Bintang Retail,Affinity,465000000,450000000,603,185,0.8096
2026-02-01,Garuda Finance,Financing Partner,594000000,574000000,778,153,0.7967
2026-03-01,Nusantara Bank,Bancassurance,510000000,541000000,632,88,0.799
2026-03-01,Meridian Bank,Bancassurance,479000000,407000000,479,108,0.8955
2026-03-01,Cakrawala Finance,Financing Partner,442000000,372000000,390,77,0.8669
2026-03-01,Sentra Digital,Digital Partnership,615000000,707000000,768,187,0.8403
2026-03-01,Arunika Bank,Bancassurance,459000000,374000000,444,115,0.8374
2026-03-01,Prima Cooperative,Affinity,430000000,394000000,493,117,0.6618
2026-03-01,Kencana Finance,Financing Partner,581000000,505000000,605,110,0.7697
2026-03-01,Lintas E-Commerce,Digital Partnership,809000000,737000000,821,212,0.7879
2026-03-01,Sahabat Bank,Bancassurance,592000000,533000000,633,89,0.9063
2026-03-01,Mandiri Network,Agency Partnership,543000000,502000000,641,105,0.864
2026-03-01,Bintang Retail,Affinity,489000000,445000000,601,119,0.8108
2026-03-01,Garuda Finance,Financing Partner,625000000,699000000,880,244,0.79
2026-04-01,Nusantara Bank,Bancassurance,500000000,486000000,489,131,0.8606
2026-04-01,Meridian Bank,Bancassurance,470000000,399000000,556,93,0.815
2026-04-01,Cakrawala Finance,Financing Partner,433000000,435000000,519,113,0.8784
2026-04-01,Sentra Digital,Digital Partnership,603000000,584000000,702,138,0.8252
2026-04-01,Arunika Bank,Bancassurance,450000000,511000000,620,108,0.8846
2026-04-01,Prima Cooperative,Affinity,422000000,334000000,370,58,0.8775
2026-04-01,Kencana Finance,Financing Partner,569000000,475000000,612,119,0.7724
2026-04-01,Lintas E-Commerce,Digital Partnership,793000000,735000000,835,193,0.8443
2026-04-01,Sahabat Bank,Bancassurance,580000000,571000000,634,80,0.7898
2026-04-01,Mandiri Network,Agency Partnership,532000000,611000000,654,150,0.8185
2026-04-01,Bintang Retail,Affinity,480000000,496000000,634,103,0.7248
2026-04-01,Garuda Finance,Financing Partner,612000000,542000000,636,65,0.8447
2026-05-01,Nusantara Bank,Bancassurance,526000000,536000000,548,51,0.9433
2026-05-01,Meridian Bank,Bancassurance,494000000,429000000,444,102,0.8714
2026-05-01,Cakrawala Finance,Financing Partner,455000000,415000000,504,81,0.8942
2026-05-01,Sentra Digital,Digital Partnership,633000000,754000000,985,210,0.8836
2026-05-01,Arunika Bank,Bancassurance,473000000,485000000,507,91,0.8159
2026-05-01,Prima Cooperative,Affinity,443000000,402000000,522,103,0.8546
2026-05-01,Kencana Finance,Financing Partner,599000000,559000000,575,148,0.8428
2026-05-01,Lintas E-Commerce,Digital Partnership,833000000,931000000,979,249,0.8468
2026-05-01,Sahabat Bank,Bancassurance,610000000,628000000,717,142,0.8061
2026-05-01,Mandiri Network,Agency Partnership,560000000,548000000,723,127,0.8803
2026-05-01,Bintang Retail,Affinity,504000000,420000000,531,89,0.7286
2026-05-01,Garuda Finance,Financing Partner,644000000,602000000,712,62,0.8996
2026-06-01,Nusantara Bank,Bancassurance,510000000,464000000,631,77,0.878
2026-06-01,Meridian Bank,Bancassurance,479000000,471000000,538,86,0.8267
2026-06-01,Cakrawala Finance,Financing Partner,442000000,486000000,565,110,0.8698
2026-06-01,Sentra Digital,Digital Partnership,615000000,564000000,789,114,0.855
2026-06-01,Arunika Bank,Bancassurance,459000000,375000000,425,115,0.8509
2026-06-01,Prima Cooperative,Affinity,430000000,197000000,446,43,0.7237
2026-06-01,Kencana Finance,Financing Partner,581000000,518000000,545,113,0.8325
2026-06-01,Lintas E-Commerce,Digital Partnership,809000000,963000000,1131,377,0.98
2026-06-01,Sahabat Bank,Bancassurance,592000000,541000000,667,132,0.829
2026-06-01,Mandiri Network,Agency Partnership,543000000,494000000,518,66,0.7989
2026-06-01,Bintang Retail,Affinity,489000000,377000000,485,89,0.7604
2026-06-01,Garuda Finance,Financing Partner,625000000,608000000,615,104,0.8886
2026-07-01,Nusantara Bank,Bancassurance,521000000,636000000,752,121,0.877
2026-07-01,Meridian Bank,Bancassurance,489000000,509000000,607,126,0.8691
2026-07-01,Cakrawala Finance,Financing Partner,451000000,518000000,685,152,0.8598
2026-07-01,Sentra Digital,Digital Partnership,627000000,601000000,832,232,0.8205
2026-07-01,Arunika Bank,Bancassurance,468000000,467000000,568,109,0.8567
2026-07-01,Prima Cooperative,Affinity,439000000,358000000,391,65,0.7776
2026-07-01,Kencana Finance,Financing Partner,593000000,642000000,671,83,0.8311
2026-07-01,Lintas E-Commerce,Digital Partnership,825000000,750000000,890,230,0.8136
2026-07-01,Sahabat Bank,Bancassurance,604000000,611000000,779,172,0.9153
2026-07-01,Mandiri Network,Agency Partnership,554000000,645000000,789,182,0.7815
2026-07-01,Bintang Retail,Affinity,499000000,455000000,459,60,0.7705
2026-07-01,Garuda Finance,Financing Partner,637000000,727000000,854,128,0.8693
2026-08-01,Nusantara Bank,Bancassurance,531000000,574000000,575,121,0.7605
2026-08-01,Meridian Bank,Bancassurance,498000000,466000000,500,86,0.8393
2026-08-01,Cakrawala Finance,Financing Partner,459000000,459000000,572,112,0.827
2026-08-01,Sentra Digital,Digital Partnership,639000000,780000000,980,204,0.8891
2026-08-01,Arunika Bank,Bancassurance,478000000,455000000,542,124,0.8477
2026-08-01,Prima Cooperative,Affinity,447000000,381000000,385,64,0.7562
2026-08-01,Kencana Finance,Financing Partner,604000000,502000000,659,154,0.7763
2026-08-01,Lintas E-Commerce,Digital Partnership,841000000,764000000,806,236,0.8251
2026-08-01,Sahabat Bank,Bancassurance,615000000,669000000,910,144,0.7775
2026-08-01,Mandiri Network,Agency Partnership,565000000,576000000,685,148,0.9538
2026-08-01,Bintang Retail,Affinity,509000000,428000000,561,90,0.7256
2026-08-01,Garuda Finance,Financing Partner,650000000,544000000,680,118,0.7818
2026-09-01,Nusantara Bank,Bancassurance,516000000,487000000,570,94,0.8856
2026-09-01,Meridian Bank,Bancassurance,484000000,503000000,624,151,0.9408
2026-09-01,Cakrawala Finance,Financing Partner,446000000,472000000,624,144,0.7857
2026-09-01,Sentra Digital,Digital Partnership,621000000,694000000,888,272,0.9459
2026-09-01,Arunika Bank,Bancassurance,464000000,410000000,436,75,0.824
2026-09-01,Prima Cooperative,Affinity,435000000,319000000,373,79,0.7579
2026-09-01,Kencana Finance,Financing Partner,587000000,512000000,644,125,0.8388
2026-09-01,Lintas E-Commerce,Digital Partnership,817000000,978000000,1299,247,0.8613
2026-09-01,Sahabat Bank,Bancassurance,598000000,591000000,694,185,0.8779
2026-09-01,Mandiri Network,Agency Partnership,549000000,550000000,685,84,0.8678
2026-09-01,Bintang Retail,Affinity,494000000,433000000,442,101,0.7218
2026-09-01,Garuda Finance,Financing Partner,631000000,554000000,614,121,0.9223
